{
  "Author": "Siren",
  "Name": "Zhouyi",
  "InternalName": "Zhouyi",
  "AssemblyVersion": "0.0.1.1",
  "Description": "战场小助手",
  "ApplicableVersion": "any",
  "RepoUrl": "https://github.com/extrant/I-Ching",
  "DalamudApiLevel": 12,
  "LoadRequiredState": 0,
  "LoadSync": false,
  "CanUnloadAsync": false,
  "LoadPriority": 0,
  "IconUrl": "https://raw.githubusercontent.com/extrant/SIREN2/main/images/zhouyi.png",
  "Punchline": "我是一个PVP日随战场摸鱼插件。",
  "AcceptsFeedback": true
}