{
  "Author": "Siren",
  "Name": "Zhouyi",
  "InternalName": "Zhouyi",
  "AssemblyVersion": "0.0.0.1",
  "Description": "5v5天才妹妹为您服务",
  "ApplicableVersion": "any",
  "RepoUrl": "https://github.com/extrant/I-Ching",
  "DalamudApiLevel": 10,
  "LoadRequiredState": 0,
  "LoadSync": false,
  "CanUnloadAsync": false,
  "LoadPriority": 0,
  "IconUrl": "https://raw.githubusercontent.com/extrant/SIREN2/main/images/zhouyi.png",
  "Punchline": "凡變通動靜，有形有象，盈虛消息，時止時行。",
  "AcceptsFeedback": true
}