{
  "Author": "Siren",
  "Name": "GposeResizer",
  "InternalName": "GposeResizer",
  "AssemblyVersion": "0.0.0.1",
  "Description": "在集体动作(Gpose)模式下，允许通过热键将游戏渲染分辨率切换至自定义的超高分辨率。",
  "ApplicableVersion": "any",
  "RepoUrl": "https://github.com/extrant?tab=repositories",
  "Tags": [
    "gpose",
    "screenshot",
    "resolution",
    "utility",
    "photography"
  ],
  "DalamudApiLevel": 13,
  "LoadRequiredState": 0,
  "LoadSync": false,
  "CanUnloadAsync": false,
  "LoadPriority": 0,
  "Punchline": "在 Gpose 中一键切换超高分辨率与隐藏 UI，实现所见即所得的摄影体验。",
  "AcceptsFeedback": true
}