{
  "Author": "Siren",
  "Name": "GposeResizer",
  "InternalName": "GposeResizer",
  "AssemblyVersion": "0.0.0.3",
  "Description": "在集体动作(Gpose)模式下，允许通过热键将游戏渲染分辨率切换至自定义的超高分辨率。",
  "ApplicableVersion": "any",
  "RepoUrl": "https://github.com/extrant?tab=repositories",
  "Tags": [
    "gpose",
    "screenshot",
    "resolution",
    "utility",
    "photography"
  ],
  "DalamudApiLevel": 13,
  "LoadRequiredState": 0,
  "LoadSync": false,
  "CanUnloadAsync": false,
  "LoadPriority": 0,
  "IconUrl": "https://raw.githubusercontent.com/extrant/SIREN2/main/images/GposeResizer.png",
  "Punchline": "在 Gpose 中一键切换超高分辨率与隐藏 UI，实现所见即所得的摄影体验。",
  "Changelog": "0.0.0.3 - 在右键菜单增加了一个与目标对齐功能，按下后会自动将坐标与面相设置成目标对应的数值以跳过微调阶段。[目标与你的距离最大为5]",
  "AcceptsFeedback": true
}