{
  "Author": "Siren",
  "Name": "GposeResizer",
  "InternalName": "GposeResizer",
  "AssemblyVersion": "0.0.0.4",
  "Description": "简易的拍照分辨率调整插件。",
  "ApplicableVersion": "any",
  "RepoUrl": "https://github.com/extrant?tab=repositories",
  "Tags": [
    "gpose",
    "screenshot",
    "resolution",
    "utility",
    "photography"
  ],
  "DalamudApiLevel": 14,
  "LoadRequiredState": 0,
  "LoadSync": false,
  "CanUnloadAsync": false,
  "LoadPriority": 0,
  "IconUrl": "https://raw.githubusercontent.com/extrant/SIREN2/main/images/GposeResizer.png",
  "Punchline": "在 Gpose 中一键切换超高分辨率与隐藏 UI，实现所见即所得的摄影体验。",
  "Changelog": "0.0.0.4 - 完善了右键菜单目标对齐功能的判定。",
  "AcceptsFeedback": true
}