{
  "Author": "Siren",
  "Name": "Coyote-FFXiv",
  "InternalName": "Coyote-FFXiv",
  "AssemblyVersion": "0.0.1.1",
  "Description": "通过条件触发实现郊狼的控制，对接Coyote。",
  "ApplicableVersion": "any",
  "RepoUrl": "https://github.com/extrant/Coyote-FFXiv",
  "DalamudApiLevel": 13,
  "LoadRequiredState": 0,
  "LoadSync": false,
  "CanUnloadAsync": false,
  "LoadPriority": 0,
  "IconUrl": "https://raw.githubusercontent.com/extrant/SIREN2/main/images/Coyote.png",
  "Punchline": "医疗产品。",
  "AcceptsFeedback": true
}