{
  "Author": "Siren",
  "Name": "I-Ching-GL-DEV",
  "InternalName": "I-Ching-GL",
  "AssemblyVersion": "0.24.12.7",
  "Description": "乾坤震巽坎离艮兑 Hexagrams",
  "ApplicableVersion": "any",
  "RepoUrl": "https://github.com/extrant/I-Ching",
  "DalamudApiLevel": 11,
  "LoadRequiredState": 0,
  "LoadSync": false,
  "CanUnloadAsync": false,
  "LoadPriority": 0,
  "IconUrl": "https://raw.githubusercontent.com/extrant/SIREN2/main/images/bagua.png",
  "Punchline": "入无窮之門，以遊无極之野。吾與日月參光，吾與天地為常。",
  "AcceptsFeedback": true
}