{
  "Author": "Siren",
  "Name": "I-Ching-GL",
  "InternalName": "I-Ching-GL",
  "AssemblyVersion": "0.1.3.9",
  "Description": "我是一个FF14学习插件(CN)",
  "ApplicableVersion": "any",
  "RepoUrl": "https://github.com/extrant/I-Ching",
  "DalamudApiLevel": 13,
  "LoadRequiredState": 0,
  "LoadSync": false,
  "CanUnloadAsync": false,
  "LoadPriority": 0,
  "IconUrl": "https://raw.githubusercontent.com/extrant/SIREN2/main/images/bagua.png",
  "Punchline": "入无窮之門，以遊无極之野。吾與日月參光，吾與天地為常。",
  "AcceptsFeedback": true
}