{
    "Author": "Siren",
    "Name": "I-Ching-GL",
    "Punchline": "入无窮之門，以遊无極之野。吾與日月參光，吾與天地為常。",
    "Description": "我是一个FF14学习插件(CN-API11)",
    "InternalName": "I-Ching-GL",
    "AssemblyVersion": "0.1.1.0",
    "RepoUrl": "https://github.com/extrant/I-Ching",
    "ApplicableVersion": "any",
    "DalamudApiLevel": 11,
    "TestingDalamudApiLevel": 11,
    "IsHide": "False",
    "IsTestingExclusive": "False",
    "DownloadCount": 114514,
    "LastUpdate": 0,
    "DownloadLinkInstall": "https://raw.githubusercontent.com/extrant/I-Ching/main/I-Ching-GL.zip",
    "DownloadLinkUpdate": "https://raw.githubusercontent.com/extrant/I-Ching/main/I-Ching-GL.zip",
    "IconUrl": "https://raw.githubusercontent.com/extrant/SIREN2/main/images/bagua.png"
}
