﻿{
  "Language": "Language(语言)",
  "Current Language": "Current Language",
  "你是坏孩子": "You are a bad kid",
  "你內心陰暗": "You have a dark heart",
  "信息": "Info",
  "PvP": "PvP",
  "调试": "Debug",
  "注册": "Register",
  "设定": "Settings",
  "距离计算修正": "Distance Calculation Correction",
  "兼容距离计算": "Compatible Distance Calculation",
  "如果需要自定义触发距离, 或者使用了各类增加施法距离的插件后工作不正常, 请启用该选项. 如果使用了其他施法距离增加插件,障碍物遮挡检查可能失效.": "Enable this option if you need custom trigger distances or if it doesn't work correctly with plugins that increase casting range. Obstacle collision check may fail if other casting range plugins are used.",
  "连击启动距离补正": "Combo Start Distance Correction",
  "假设连击最小距离要求 25m, 当距离目标 {0}m 的时候开始连击": "Assuming combo minimum distance is 25m, start combo when {0}m from target",
  "连击后续与单技能距离补正": "Combo Follow-up & Single Skill Distance Correction",
  "假设技能距离 25m, 当距离目标 {0}m 的时候尝试执行技能": "Assuming skill range is 25m, try to execute skill when {0}m from target",
  "自动技能与自动选中职业设定": "Auto-Skill & Auto-Target Job Settings",
  "允许作为目标的职业:": "Allowed Target Jobs:",
  "骑士": "Paladin",
  "战士": "Warrior",
  "暗黑骑士": "Dark Knight",
  "绝枪战士": "Gunbreaker",
  "白魔法师": "White Mage",
  "学者": "Scholar",
  "占星术士": "Astrologian",
  "贤者": "Sage",
  "武僧": "Monk",
  "龙骑士": "Dragoon",
  "忍者": "Ninja",
  "武士": "Samurai",
  "钐镰客": "Reaper",
  "蝰蛇剑士": "Viper",
  "吟游诗人": "Bard",
  "机工士": "Machinist",
  "舞者": "Dancer",
  "黑魔法师": "Black Mage",
  "召唤师": "Summoner",
  "赤魔法师": "Red Mage",
  "绘灵法师": "Pictomancer",
  "自动输出血量设定": "Auto-Damage HP Settings",
  "血量补正": "HP Correction",
  "当目标血量为预期伤害 {0}% ~ {1}% 时执行\n假设预期伤害 40000, 则目标血量为{2} ~ {3} 时执行": "Execute when target HP is {0}% ~ {1}% of expected damage\nAssuming 40000 expected damage, executes when HP is {2} ~ {3}",
  "预期伤害/目标选择计算buff, 于战场时同时计算职业补正": "Calculate buffs for expected damage/targeting, and job modifiers in Frontline",
  "自动技能触发热键": "Auto-Skill Hotkey",
  "自动技能状态: {0}": "Auto-Skill Status: {0}",
  "启用": "Enabled",
  "禁用": "Disabled",
  "禁用热键": "Disable Hotkey",
  "按住时启用": "Hold to Enable",
  "按住时禁用": "Hold to Disable",
  "切换": "Toggle",
  "触发模式": "Trigger Mode",
  "未设置": "Not Set",
  "当前热键: {0}##PvPToggleKey": "Current Hotkey: {0}##PvPToggleKey",
  "按下想要设定的按键:": "Press the desired key:",
  "请稍候...": "Please wait...",
  "等待按键输入...": "Waiting for key press...",
  "消除热键": "Clear Hotkey",
  "取消": "Cancel",
  "目标选择": "Targeting",
  "自动选中": "Auto-Select",
  "仅仅为「你」选择目标, 不影响自动技能": "Only selects a target for 'you', does not affect auto-skills",
  "选中距离": "Selection Range",
  "仅选中低于50%生命值": "Only target below 50% HP",
  "不选中无敌的对象": "Exclude invulnerable targets",
  "自保": "Protection",
  "被机工LB自动泡泡": "Auto-Guard on MCH LB",
  "自动泡泡2s防误触": "Auto-Guard 2s delay",
  "自动康复": "Auto-Purify",
  "康复设定": "Purify Settings",
  "人类反应": "Human Reaction",
  "眩晕": "Stun",
  "加重": "Heavy",
  "止步": "Bind",
  "沉默": "Silence",
  "睡眠": "Sleep",
  "缓缓入睡": "Half-asleep",
  "冰冻": "Deep Freeze",
  "变猪": "Polymorph",
  "Neuralink": "Neuralink",
  "You must be Neuro to use these": "You must be Neuro to use these",
  "战士死斗": "WAR Holmgang",
  "武僧绝空拳": "MNK Riddle of Wind",
  "自动自愈": "Auto-Elixir",
  "触发生命%": "Trigger HP %",
  "泡泡时不使用自动自愈": "Disable Auto-Elixir when Guard is active",
  "职业专用设定": "Job-Specific Settings",
  "自动猛击##monk": "Auto-Smite##monk",
  "自动金刚转轮": "Auto-Earth's Reply",
  "触发时机:": "Trigger Timing:",
  "剩余时间(秒)": "Time remaining (sec)",
  "自动猛击##dragoon": "Auto-Smite##dragoon",
  "冲锋跳跃(experimental)##dragoonForwardJump": "Forward Jump (experimental)##dragoonForwardJump",
  "自动猛击##ninja": "Auto-Smite##ninja",
  "自动星遁天诛": "Auto-Seiton Tenchu",
  "自动猛击##samurai": "Auto-Smite##samurai",
  "自动斩铁剑": "Auto-Zantetsuken",
  "同时斩人##samurai": "Simultaneous Hits##samurai",
  "可选中未崩破但LB可斩更多人的目标": "Allow targeting non-LB-weak if it hits more people",
  "7.1后武士判定延迟极高, 请仅斩1免于落泪": "SAM LB has high delay after 7.1, only aim for 1 to avoid tears",
  "自动猛击##reaper": "Auto-Smite##reaper",
  "自动完人##reaper": "Auto-Perfectio##reaper",
  "同时斩人##reaper": "Simultaneous Hits##reaper",
  "可选中未残血但完人可斩更多人的目标##reaper": "Allow targeting non-low-HP if Perfectio hits more##reaper",
  "完人的伤害延迟比7.1后斩铁剑还久, 放开希望免于落泪": "Perfectio delay is worse than 7.1 Zantetsuken, abandon hope",
  "自动猛击##viper": "Auto-Smite##viper",
  "自动续剑##viper": "Auto-Serpent's Tail##viper",
  "对当前目标释放, 会打冰和无人机, 如果超过1s没有打出续剑会放弃, 请靠近一点敌人": "Uses on current target, will hit ice/drones, gives up if not used in 1s. Get closer.",
  "机工": "Machinist",
  "机工自动LB": "MCH Auto-LB",
  "机工自动锐眼": "MCH Auto-Eagle Eye",
  "机工自动野火连击/请携带锐眼": "MCH Auto-Wildfire Combo / Bring Eagle Eye",
  "允许野火使用LB": "Allow Wildfire to use LB",
  "已启用触发:": "Enabled Triggers:",
  "自动LB+锐眼, 预期52000": "Auto-LB + Eagle Eye, Exp. 52000",
  "自动LB, 预期40000": "Auto-LB, Exp. 40000",
  "自动锐眼, 预期12000穿盾": "Auto-Eagle Eye, Exp. 12000 (Guard-piercing)",
  "野火全金属锐眼LB, 预期83000": "Wildfire + Full Metal + Eagle Eye + LB, Exp. 83000",
  "野火[钻头/空气锚/链锯]锐眼全金属, 预期[61000/55000/63600]": "Wildfire [Drill/Anchor/Chain Saw] + Eagle Eye + Full Metal, Exp. [61000/55000/63600]",
  "不对泡泡未冷却的敌人释放LB/仅55生效": "Don't LB enemies with Guard off CD / Crystalline Conflict only",
  "自动锐眼##bard": "Auto-Eagle Eye##bard",
  "自动和弦箭##bard": "Auto-Harmonic Arrow##bard",
  "和弦箭锐眼, 预期30000": "Harmonic Arrow + Eagle Eye, Exp. 30000",
  "自动锐眼, 预期12000": "Auto-Eagle Eye, Exp. 12000",
  "自动毒": "Auto-Biolysis",
  "秘策": "Recitation",
  "自动秘策 - 仅秘策时扩毒": "Auto-Recitation - Spread only with Recitation",
  "手动秘策 - 仅秘策时扩毒": "Manual-Recitation - Spread only with Recitation",
  "毒可用即扩 - 尝试自动秘策": "Spread when ready - Try Auto-Recitation",
  "毒可用即扩": "Spread when ready",
  "扩毒人数": "Spread Target Count",
  "扩毒视为单技能, 遵循单技能释放距离设定\n毒伤为主目标快照, 会尝试选取人数不是最多但总伤害最高的目标": "Spread is single skill, follows skill range settings\nDoT snapshots from main target, will try to pick max total damage target, not max people target",
  "蛮荒崩裂目标修正": "Primal Rend Target Correction",
  "不修正": "No Correction",
  "当前面向120度内": "120° in front",
  "范围内任意": "Anywhere in range",
  "原初的怒号(LB)目标修正": "Primal Scream (LB) Target Correction",
  "自动选择能击中最多敌人的目标位置": "Auto-select position that hits most enemies",
  "跳斩(腐秽大地)目标修正": "Plunge (Salted Earth) Target Correction",
  "状态追踪/仅55": "Status Tracking / Crystalline Conflict Only",
  "显示敌人技能冷却": "Show Enemy Cooldowns",
  "防御, 净化": "Guard, Purify",
  "显示队友技能冷却": "Show Teammate Cooldowns",
  "在队友头上显示技能冷却（绿色）": "Show cooldowns above teammates (Green)",
  "显示目标线": "Show Target Lines",
  "在注视你的敌人和你之间画线": "Draw line between you and enemies targeting you",
  "敌人注视线颜色:": "Enemy Target Line Color:",
  "你的锁定线颜色:": "Your Target Line Color:",
  "显示队友受击目标线": "Show Teammate Target Lines",
  "在注视队友的敌人和队友之间画线（橙色）": "Draw line between teammates and enemies targeting them (Orange)",
  "队友受击线颜色:": "Teammate Target Line Color:",
  "重置所有颜色为预设": "Reset All Colors to Default",
  "7.3.x 仅PVP 未同步版本技改减伤，如有能力请到": "7.3.x PvP Only. Mitigations not synced with patch, if you can, please go",
  "这里": "here",
  "帮助我们进行更新同步减伤技能。": "to help us update and sync mitigation skills.",
  "1. 这是什么": "1. What is this?",
  "这个版本战场百鬼夜行群魔乱舞, 邀诸君体验, 祝战场愉快": "This patch, Frontline is a chaotic mess. Welcome, and have fun.",
  "2. 有哪些已知问题": "2. Known Issues",
  "机工连击与学者毒会强制改变面向, 可能不适合标准移动方式": "MCH combo and SCH DoT will force-face target, may not suit standard movement.",
  "如果你会写好一点的技能触发方式, 教我{>ω<♡*": "If you know how to write better skill triggers, please teach me {>ω<♡*",
  "3. 常见问题": "3. FAQ",
  "a. 忍者/机工会LB大冰, 无人机, 连击只会打第一下, 或者每次攻击之间会停顿数秒: 可能开了WC, SX或者其他自动输出插件, 最好不要和其他自动输出插件同时使用": "a. NIN/MCH LBs ice, drones, combo only hits once, or pauses between attacks: You might be using WC, SX, or other auto-combat plugins. It's best not to use them together.",
  "b. 机工会尝试瞄准射程外的玩家, 忍者LB/战士冲锋会打特别远距离的目标, 一直尝试放技能但放不出来导致无法移动: 可能开了增加施法距离, 冲锋无视障碍, 施法无视阻挡等插件, 请启用兼容距离计算并善用临时禁用按键.": "b. MCH aims at out-of-range players, NIN LB/WAR charge targets distant foes, character stuck trying to use skills: You might be using 'increase cast range', 'ignore obstacles', etc. plugins. Please enable 'Compatible Distance Calculation' and use the temporary disable hotkey.",
  "c. 头上有冷却计时不消除, 自动攻击不会触发或对满血目标使用: 不要打开 debug": "c. Cooldown timer stuck on head, auto-attacks don't trigger or target full HP: Do not enable debug mode.",
  "若有其他问题劳烦先关闭其他插件, 特别是WrathCombo和DailyRoutine, 检查一下是否还会出现. 若依然出现或冲突插件较重要想兼容请自己动手丰衣足食": "If you have other issues, please disable all other plugins first (especially WrathCombo and DailyRoutine) and check again. If it persists, or conflicts with a vital plugin, please fix it yourself.",
  "4. 这大概是最后一次更新": "4. This is probably the last update",
  "仅仅作为临时更新，不保证后续维护。如果想要持久支持，请去使用PVPAUTO。": "This is only a temporary update, no future maintenance guaranteed. If you want long-term support, please use PVPAUTO.",
  "为了修复，已删除此界面。": "This UI has been removed for bugfixes."
}