﻿{
  "Language": "语言(Language)",
  "Current Language": "当前语言",
  "你是坏孩子": "你是坏孩子",
  "你內心陰暗": "你內心陰暗",
  "信息": "信息",
  "PvP": "PvP",
  "调试": "调试",
  "注册": "注册",
  "设定": "设定",
  "距离计算修正": "距离计算修正",
  "兼容距离计算": "兼容距离计算",
  "如果需要自定义触发距离, 或者使用了各类增加施法距离的插件后工作不正常, 请启用该选项. 如果使用了其他施法距离增加插件,障碍物遮挡检查可能失效.": "如果需要自定义触发距离, 或者使用了各类增加施法距离的插件后工作不正常, 请启用该选项. 如果使用了其他施法距离增加插件,障碍物遮挡检查可能失效.",
  "连击启动距离补正": "连击启动距离补正",
  "假设连击最小距离要求 25m, 当距离目标 {0}m 的时候开始连击": "假设连击最小距离要求 25m, 当距离目标 {0}m 的时候开始连击",
  "连击后续与单技能距离补正": "连击后续与单技能距离补正",
  "假设技能距离 25m, 当距离目标 {0}m 的时候尝试执行技能": "假设技能距离 25m, 当距离目标 {0}m 的时候尝试执行技能",
  "自动技能与自动选中职业设定": "自动技能与自动选中职业设定",
  "允许作为目标的职业:": "允许作为目标的职业:",
  "骑士": "骑士",
  "战士": "战士",
  "暗黑骑士": "暗黑骑士",
  "绝枪战士": "绝枪战士",
  "白魔法师": "白魔法师",
  "学者": "学者",
  "占星术士": "占星术士",
  "贤者": "贤者",
  "武僧": "武僧",
  "龙骑士": "龙骑士",
  "忍者": "忍者",
  "武士": "武士",
  "钐镰客": "钐镰客",
  "蝰蛇剑士": "蝰蛇剑士",
  "吟游诗人": "吟游诗人",
  "机工士": "机工士",
  "舞者": "舞者",
  "黑魔法师": "黑魔法师",
  "召唤师": "召唤师",
  "赤魔法师": "赤魔法师",
  "绘灵法师": "绘灵法师",
  "自动输出血量设定": "自动输出血量设定",
  "血量补正": "血量补正",
  "当目标血量为预期伤害 {0}% ~ {1}% 时执行\n假设预期伤害 40000, 则目标血量为{2} ~ {3} 时执行": "当目标血量为预期伤害 {0}% ~ {1}% 时执行\n假设预期伤害 40000, 则目标血量为{2} ~ {3} 时执行",
  "预期伤害/目标选择计算buff, 于战场时同时计算职业补正": "预期伤害/目标选择计算buff, 于战场时同时计算职业补正",
  "自动技能触发热键": "自动技能触发热键",
  "自动技能状态: {0}": "自动技能状态: {0}",
  "启用": "启用",
  "禁用": "禁用",
  "禁用热键": "禁用热键",
  "按住时启用": "按住时启用",
  "按住时禁用": "按住时禁用",
  "切换": "切换",
  "触发模式": "触发模式",
  "未设置": "未设置",
  "当前热键: {0}##PvPToggleKey": "当前热键: {0}##PvPToggleKey",
  "按下想要设定的按键:": "按下想要设定的按键:",
  "请稍候...": "请稍候...",
  "等待按键输入...": "等待按键输入...",
  "消除热键": "消除热键",
  "取消": "取消",
  "目标选择": "目标选择",
  "自动选中": "自动选中",
  "仅仅为「你」选择目标, 不影响自动技能": "仅仅为「你」选择目标, 不影响自动技能",
  "选中距离": "选中距离",
  "仅选中低于50%生命值": "仅选中低于50%生命值",
  "不选中无敌的对象": "不选中无敌的对象",
  "自保": "自保",
  "被机工LB自动泡泡": "被机工LB自动泡泡",
  "自动泡泡2s防误触": "自动泡泡2s防误触",
  "自动康复": "自动康复",
  "康复设定": "康复设定",
  "人类反应": "人类反应",
  "眩晕": "眩晕",
  "加重": "加重",
  "止步": "止步",
  "沉默": "沉默",
  "睡眠": "睡眠",
  "缓缓入睡": "缓缓入睡",
  "冰冻": "冰冻",
  "变猪": "变猪",
  "Neuralink": "Neuralink",
  "You must be Neuro to use these": "You must be Neuro to use these",
  "战士死斗": "战士死斗",
  "武僧绝空拳": "武僧绝空拳",
  "自动自愈": "自动自愈",
  "触发生命%": "触发生命%",
  "泡泡时不使用自动自愈": "泡泡时不使用自动自愈",
  "职业专用设定": "职业专用设定",
  "自动猛击##monk": "自动猛击##monk",
  "自动金刚转轮": "自动金刚转轮",
  "触发时机:": "触发时机:",
  "剩余时间(秒)": "剩余时间(秒)",
  "自动猛击##dragoon": "自动猛击##dragoon",
  "冲锋跳跃(experimental)##dragoonForwardJump": "冲锋跳跃(experimental)##dragoonForwardJump",
  "自动猛击##ninja": "自动猛击##ninja",
  "自动星遁天诛": "自动星遁天诛",
  "自动猛击##samurai": "自动猛击##samurai",
  "自动斩铁剑": "自动斩铁剑",
  "同时斩人##samurai": "同时斩人##samurai",
  "可选中未崩破但LB可斩更多人的目标": "可选中未崩破但LB可斩更多人的目标",
  "7.1后武士判定延迟极高, 请仅斩1免于落泪": "7.1后武士判定延迟极高, 请仅斩1免于落泪",
  "自动猛击##reaper": "自动猛击##reaper",
  "自动完人##reaper": "自动完人##reaper",
  "同时斩人##reaper": "同时斩人##reaper",
  "可选中未残血但完人可斩更多人的目标##reaper": "可选中未残血但完人可斩更多人的目标##reaper",
  "完人的伤害延迟比7.1后斩铁剑还久, 放开希望免于落泪": "完人的伤害延迟比7.1后斩铁剑还久, 放开希望免于落泪",
  "自动猛击##viper": "自动猛击##viper",
  "自动续剑##viper": "自动续剑##viper",
  "对当前目标释放, 会打冰和无人机, 如果超过1s没有打出续剑会放弃, 请靠近一点敌人": "对当前目标释放, 会打冰和无人机, 如果超过1s没有打出续剑会放弃, 请靠近一点敌人",
  "机工": "机工",
  "机工自动LB": "机工自动LB",
  "机工自动锐眼": "机工自动锐眼",
  "机工自动野火连击/请携带锐眼": "机工自动野火连击/请携带锐眼",
  "允许野火使用LB": "允许野火使用LB",
  "已启用触发:": "已启用触发:",
  "自动LB+锐眼, 预期52000": "自动LB+锐眼, 预期52000",
  "自动LB, 预期40000": "自动LB, 预期40000",
  "自动锐眼, 预期12000穿盾": "自动锐眼, 预期12000穿盾",
  "野火全金属锐眼LB, 预期83000": "野火全金属锐眼LB, 预期83000",
  "野火[钻头/空气锚/链锯]锐眼全金属, 预期[61000/55000/63600]": "野火[钻头/空气锚/链锯]锐眼全金属, 预期[61000/55000/63600]",
  "不对泡泡未冷却的敌人释放LB/仅55生效": "不对泡泡未冷却的敌人释放LB/仅55生效",
  "自动锐眼##bard": "自动锐眼##bard",
  "自动和弦箭##bard": "自动和弦箭##bard",
  "和弦箭锐眼, 预期30000": "和弦箭锐眼, 预期30000",
  "自动锐眼, 预期12000": "自动锐眼, 预期12000",
  "自动毒": "自动毒",
  "秘策": "秘策",
  "自动秘策 - 仅秘策时扩毒": "自动秘策 - 仅秘策时扩毒",
  "手动秘策 - 仅秘策时扩毒": "手动秘策 - 仅秘策时扩毒",
  "毒可用即扩 - 尝试自动秘策": "毒可用即扩 - 尝试自动秘策",
  "毒可用即扩": "毒可用即扩",
  "扩毒人数": "扩毒人数",
  "扩毒视为单技能, 遵循单技能释放距离设定\n毒伤为主目标快照, 会尝试选取人数不是最多但总伤害最高的目标": "扩毒视为单技能, 遵循单技能释放距离设定\n毒伤为主目标快照, 会尝试选取人数不是最多但总伤害最高的目标",
  "蛮荒崩裂目标修正": "蛮荒崩裂目标修正",
  "不修正": "不修正",
  "当前面向120度内": "当前面向120度内",
  "范围内任意": "范围内任意",
  "原初的怒号(LB)目标修正": "原初的怒号(LB)目标修正",
  "自动选择能击中最多敌人的目标位置": "自动选择能击中最多敌人的目标位置",
  "跳斩(腐秽大地)目标修正": "跳斩(腐秽大地)目标修正",
  "状态追踪/仅55": "状态追踪/仅55",
  "显示敌人技能冷却": "显示敌人技能冷却",
  "防御, 净化": "防御, 净化",
  "显示队友技能冷却": "显示队友技能冷却",
  "在队友头上显示技能冷却（绿色）": "在队友头上显示技能冷却（绿色）",
  "显示目标线": "显示目标线",
  "在注视你的敌人和你之间画线": "在注视你的敌人和你之间画线",
  "敌人注视线颜色:": "敌人注视线颜色:",
  "你的锁定线颜色:": "你的锁定线颜色:",
  "显示队友受击目标线": "显示队友受击目标线",
  "在注视队友的敌人和队友之间画线（橙色）": "在注视队友的敌人和队友之间画线（橙色）",
  "队友受击线颜色:": "队友受击线颜色:",
  "重置所有颜色为预设": "重置所有颜色为预设",
  "7.3.x 仅PVP 未同步版本技改减伤，如有能力请到": "7.3.x 仅PVP 未同步版本技改减伤，如有能力请到",
  "这里": "这里",
  "帮助我们进行更新同步减伤技能。": "帮助我们进行更新同步减伤技能。",
  "1. 这是什么": "1. 这是什么",
  "这个版本战场百鬼夜行群魔乱舞, 邀诸君体验, 祝战场愉快": "这个版本战场百鬼夜行群魔乱舞, 邀诸君体验, 祝战场愉快",
  "2. 有哪些已知问题": "2. 有哪些已知问题",
  "机工连击与学者毒会强制改变面向, 可能不适合标准移动方式": "机工连击与学者毒会强制改变面向, 可能不适合标准移动方式",
  "如果你会写好一点的技能触发方式, 教我{>ω<♡*": "如果你会写好一点的技能触发方式, 教我{>ω<♡*",
  "3. 常见问题": "3. 常见问题",
  "a. 忍者/机工会LB大冰, 无人机, 连击只会打第一下, 或者每次攻击之间会停顿数秒: 可能开了WC, SX或者其他自动输出插件, 最好不要和其他自动输出插件同时使用": "a. 忍者/机工会LB大冰, 无人机, 连击只会打第一下, 或者每次攻击之间会停顿数秒: 可能开了WC, SX或者其他自动输出插件, 最好不要和其他自动输出插件同时使用",
  "b. 机工会尝试瞄准射程外的玩家, 忍者LB/战士冲锋会打特别远距离的目标, 一直尝试放技能但放不出来导致无法移动: 可能开了增加施法距离, 冲锋无视障碍, 施法无视阻挡等插件, 请启用兼容距离计算并善用临时禁用按键.": "b. 机工会尝试瞄准射程外的玩家, 忍者LB/战士冲锋会打特别远距离的目标, 一直尝试放技能但放不出来导致无法移动: 可能开了增加施法距离, 冲锋无视障碍, 施法无视阻挡等插件, 请启用兼容距离计算并善用临时禁用按键.",
  "c. 头上有冷却计时不消除, 自动攻击不会触发或对满血目标使用: 不要打开 debug": "c. 头上有冷却计时不消除, 自动攻击不会触发或对满血目标使用: 不要打开 debug",
  "若有其他问题劳烦先关闭其他插件, 特别是WrathCombo和DailyRoutine, 检查一下是否还会出现. 若依然出现或冲突插件较重要想兼容请自己动手丰衣足食": "若有其他问题劳烦先关闭其他插件, 特别是WrathCombo和DailyRoutine, 检查一下是否还会出现. 若依然出现或冲突插件较重要想兼容请自己动手丰衣足食",
  "4. 这大概是最后一次更新": "4. 这大概是最后一次更新",
  "仅仅作为临时更新，不保证后续维护。如果想要持久支持，请去使用PVPAUTO。": "仅仅作为临时更新，不保证后续维护。如果想要持久支持，请去使用PVPAUTO。",
  "为了修复，已删除此界面。": "为了修复，已删除此界面。"
}