{
  "Disabled": false,
  "Testing": false,
  "ScheduledForDeletion": false,
  "InstalledFromUrl": "https://raw.githubusercontent.com/extrant/DalamudPlugins/main/pluginmaster.json",
  "WorkingPluginId": "4388e44b-589e-4a70-b0cb-8e6e18c75a33",
  "IsThirdParty": true,
  "EffectiveVersion": "0.0.1.1",
  "EffectiveApiLevel": 10,
  "Author": "Siren",
  "Name": "I-Ching",
  "Punchline": "入无窮之門，以遊无極之野。吾與日月參光，吾與天地為常。",
  "Description": "乾坤震巽坎离艮兑 Hexagrams",
  "Changelog": null,
  "Tags": null,
  "CategoryTags": null,
  "IsHide": false,
  "InternalName": "I-Ching",
  "AssemblyVersion": "0.0.1.1",
  "TestingAssemblyVersion": null,
  "IsTestingExclusive": false,
  "RepoUrl": "https://github.com/extrant/I-Ching",
  "ApplicableVersion": "any",
  "DalamudApiLevel": 10,
  "TestingDalamudApiLevel": 10,
  "DownloadCount": 0,
  "LastUpdate": 0,
  "DownloadLinkInstall": "https://raw.githubusercontent.com/extrant/I-Ching/main/I-Ching.zip",
  "DownloadLinkUpdate": "https://raw.githubusercontent.com/extrant/I-Ching/main/I-Ching.zip",
  "DownloadLinkTesting": null,
  "LoadRequiredState": 0,
  "LoadSync": false,
  "LoadPriority": 0,
  "CanUnloadAsync": false,
  "SupportsProfiles": true,
  "ImageUrls": null,
  "IconUrl": "https://raw.githubusercontent.com/extrant/SIREN2/main/images/bagua.png",
  "AcceptsFeedback": true,
  "FeedbackMessage": null,
  "_Dip17Channel": null
}