{
  "Author": "Siren",
  "Name": "I-Ching",
  "InternalName": "I-Ching",
  "AssemblyVersion": "0.24.9.29",
  "Description": "乾坤震巽坎离艮兑 Hexagrams",
  "ApplicableVersion": "any",
  "RepoUrl": "https://github.com/extrant/I-Ching",
  "DalamudApiLevel": 10,
  "LoadRequiredState": 0,
  "LoadSync": false,
  "CanUnloadAsync": false,
  "LoadPriority": 0,
  "IconUrl": "https://raw.githubusercontent.com/extrant/SIREN2/main/images/bagua.png",
  "Punchline": "入无窮之門，以遊无極之野。吾與日月參光，吾與天地為常。",
  "AcceptsFeedback": true
}